misc/nupdates,misc/total_timesteps,fps,eprewmean,loss/policy_entropy,loss/policy_loss,loss/value_loss
20,7560,257,-11.211714548780488,1.418301808834076,-0.005403399467468262,12.28632230758667
40,14760,279,-10.841161849999999,1.4174296975135803,-0.0046938925981521605,6.063995969295502
60,21960,283,-10.7282322,1.4164243340492249,-0.009071857621893286,11.496010732650756
80,29160,287,-10.981568499999998,1.416460633277893,-0.006527230516076088,6.017853021621704
100,36360,292,-6.8220266700000005,1.4155553698539733,-0.0031252384185791017,8.111314463615418
120,43560,294,-5.794200630000001,1.414818489551544,-0.005019636824727058,7.344171190261841
140,50760,297,-6.50408016,1.4135371804237367,-0.0028208822011947634,7.101154842972756
160,57960,299,-7.4291050599999995,1.4130486011505128,-0.006227365974336862,5.917849910259247
180,65160,301,-8.222083379999999,1.4125005841255187,-0.006651137769222259,5.98265392780304
200,72360,302,-8.226732929999999,1.4116024255752564,-0.010207990650087595,2.74484361410141
220,79560,303,-6.91741744,1.4104886531829834,-0.0039893554523587225,10.127866530418396
240,86760,304,-6.093467309999999,1.4085970520973206,0.0007476478815078736,8.836662244796752
260,93960,305,-7.74799976,1.4081538915634155,-0.013091801665723324,6.023615145683289
280,101160,306,-7.130320280000001,1.4066220045089721,-0.0027001678943634035,5.366421109437942
300,108360,306,-5.914324959999999,1.406663680076599,-0.009004714339971543,2.191148915886879
320,115560,307,-9.537517130000001,1.4061545848846435,-0.0024366112425923347,10.592724084854126
340,122760,307,-12.140063450000003,1.405118727684021,-0.004665310680866242,7.8693900346755985
360,129960,307,-7.438829889999999,1.4042116761207581,0.003821689001051709,4.973679235577583
380,137160,307,-8.88923018,1.403876531124115,-0.0013518916442990304,4.662483632564545
400,144360,307,-8.32430325,1.4029765486717225,-0.009247199445962907,14.963631343841552
420,151560,307,-11.568811020000004,1.4017535209655763,-0.00408318005502224,1.5819941639900208
440,158760,307,-6.82112801,1.4000893473625182,-0.0011480428278446198,3.900102770328522
460,165960,308,-5.65868202,1.3994318485260009,0.0032458961941301823,9.8820050239563
480,173160,308,-7.44826333,1.3993669271469116,-0.006428821384906769,6.416107261180878
500,180360,308,-4.2875042400000005,1.3990606546401978,-0.007325011491775513,3.9518170177936556
520,187560,309,-4.72655214,1.3974465370178222,0.0028247937560081484,9.347204744815826
540,194760,309,-6.600302999999999,1.3967565536499023,-0.0012019825167953967,15.151928424835205
560,201960,309,-8.326767,1.3963932633399962,-0.0024208992719650267,4.533896434307098
580,209160,309,-6.080190569999998,1.396142554283142,-0.003617973905056715,3.9466565430164335
600,216360,309,-2.61543556,1.3953218102455138,-0.0008135274052619934,10.988882923126221
620,223560,310,-5.285377020000002,1.3953301310539246,0.0015026159584522248,7.910499683022499
640,230760,310,-4.713961489999999,1.3943254113197328,-0.0014129936695098876,4.860711400210858
660,237960,310,-3.9304938600000003,1.3943729639053344,-0.010038308613002301,9.97053587436676
680,245160,310,-5.8847191699999986,1.3940464735031128,-0.006520467251539231,2.3746853888034822
700,252360,310,-0.8689983300000002,1.3932409048080445,0.0007559698442491936,5.146686053276062
720,259560,311,-0.7496279799999997,1.3930401086807251,-0.002729895315133035,6.057233512401581
740,266760,311,-5.35147033,1.3929095268249512,0.0026137709617614748,14.857729315757751
760,273960,311,-4.04415523,1.3930163145065309,-0.00398622676730156,3.3429152011871337
780,281160,311,-1.7856255899999995,1.3929142117500306,-0.005203924048691988,2.3964360654354095
800,288360,311,-0.8044357399999997,1.3925845980644227,-0.0030132681131362915,8.508998095989227
820,295560,311,-1.8033735299999998,1.3930711984634399,0.0009119253605604172,19.433025455474855
840,302760,311,-5.24119875,1.392949068546295,-0.007717734575271607,5.636723041534424
860,309960,311,-1.48475855,1.3926175236701965,-0.0019727349281311035,10.861181497573853
880,317160,311,-3.18389556,1.3928539276123046,-0.014552635606378317,0.6045289903879165
900,324360,311,-5.5336751799999995,1.3934446930885316,-0.005243507027626037,24.747392654418945
920,331560,311,-4.70705495,1.393352746963501,-0.0010202471166849136,16.922910356521605
940,338760,311,-4.70701071,1.3929708838462829,-0.00411544218659401,13.316120386123657
960,345960,311,-1.4720867700000002,1.3916924357414246,-0.00048690065741539,12.025412321090698
980,353160,311,-1.92192313,1.3918258428573609,-0.00734831839799881,0.5150852054357529
1000,360360,311,-3.98413691,1.3923557877540589,-0.004616764187812805,2.1850917100906373
1020,367560,312,0.09007837999999946,1.393260085582733,-0.0042927607893943785,28.372044944763182
1040,374760,312,-3.52753795,1.3924849510192872,0.0027322620153427124,6.0445059597492214
1060,381960,312,1.4907999100000004,1.3924556493759155,-0.002902301400899887,2.7337631314992903
1080,389160,312,0.16315005999999996,1.3919178247451782,-0.006550994515419006,12.807188963890075
1100,396360,312,-4.595830020000001,1.3918217182159425,0.002090921485796571,4.2245829641819
1120,403560,312,-4.044657619999999,1.391326904296875,0.0007833033800125122,10.435087323188782
1140,410760,312,-2.09997635,1.3906782031059266,-0.011172657692804932,3.5988106548786165
1160,417960,312,-4.962737540000001,1.3901941418647765,-0.0047424593940377235,1.4190317824482919
1180,425160,312,-2.0236537100000005,1.388856256008148,-0.0024811424314975738,9.019681072235107
1200,432360,312,-2.24161225,1.388351321220398,0.0003667205572128296,6.54236421585083
1220,439560,312,0.6035101999999999,1.387351155281067,-0.014627883210778236,2.0773799121379852
1240,446760,312,-0.8982634599999997,1.3873426556587218,-0.004453440010547638,8.538326740264893
1260,453960,312,-4.1896216100000006,1.3878022313117981,-0.008475959487259387,12.393712139129638
1280,461160,312,-2.829778010000001,1.388469433784485,0.0010021288879215717,14.458005332946778
1300,468360,312,1.2213723399999998,1.3875936150550843,-0.00729244239628315,12.097992420196533
1320,475560,313,-1.2254360499999994,1.3871538758277893,-0.003957427199929952,7.690517592430115
1340,482760,313,-2.11774217,1.3863925337791443,-0.004577996581792832,8.725380277633667
1360,489960,313,-1.7696569299999998,1.3851335883140563,-0.0008973639458417892,14.266628694534301
1380,497160,313,-0.12341183999999951,1.3840015172958373,-0.0017996013164520263,8.354211282730102
1400,504360,313,1.7292002000000002,1.3839665174484252,-0.00048037071246653795,7.7441886305809025
1420,511560,313,-0.7394474199999996,1.383607017993927,-0.004301130957901478,15.089425230026245
1440,518760,313,1.14191907,1.3830983519554139,-0.0018507443368434907,10.125003123283387
1460,525960,313,2.0848937000000003,1.3818650007247926,-0.005371765792369842,4.439331579208374
1480,533160,313,2.80625482,1.381939446926117,0.0004864431917667389,4.361372521519661
1500,540360,313,3.1501262699999995,1.3811893224716187,-0.0024394694715738296,9.730922055244445
1520,547560,313,3.1268259900000004,1.3824334859848022,-0.0057131703943014145,10.765077900886535
1540,554760,313,1.0750092800000002,1.3833035707473755,-0.0030454564839601517,3.338283509016037
1560,561960,313,1.80931841,1.3820232272148132,-0.0035168126225471495,3.004299122095108
1580,569160,313,0.10786042000000054,1.3822220087051391,0.000983230024576187,11.160519695281982
1600,576360,313,-1.7462911400000005,1.3819104790687562,-0.0009868364781141282,8.108266711235046
1620,583560,313,2.72642661,1.3816946148872375,-0.003043356537818909,5.639937901496888
1640,590760,313,1.4791685,1.3811228632926942,-0.0005110926926136017,7.924704122543335
1660,597960,314,-0.3012849199999997,1.3816102981567382,-0.01069803386926651,4.103873944282531
1680,605160,314,1.1150171700000002,1.3812135934829712,0.0023152649402618406,13.829271364212037
1700,612360,314,1.0354862599999997,1.38112473487854,-0.0014101337175816298,5.465577554702759
1720,619560,314,3.374768509999999,1.3813380599021912,-0.005457292497158051,7.303258097171783
1740,626760,314,0.5805011800000001,1.380657434463501,-0.0008278071880340576,3.5767971873283386
1760,633960,314,-0.6306522099999996,1.3798613548278809,0.0015946958214044572,7.817195644974708
1780,641160,314,-1.1256972900000002,1.3797837376594544,-0.006162235140800476,10.972651529312134
1800,648360,314,-0.5875171700000003,1.379225480556488,-0.004021685430780053,13.221837043762207
1820,655560,314,3.4349686400000006,1.379112720489502,-0.008866120409220458,3.857866621017456
1840,662760,314,8.494690650000003,1.3774308919906617,0.0007740166038274765,18.54203016757965
1860,669960,314,4.94261815,1.3761547088623047,-0.002431057021021843,23.41112518310547
1880,677160,314,0.44399951000000015,1.3763198137283326,-0.013596203923225404,6.871268334984779
1900,684360,314,3.28070639,1.3763245701789857,0.003035622835159302,7.045228838920593
1920,691560,314,2.4995501000000004,1.377356970310211,0.0007223673164844513,13.536080062389374
1940,698760,314,2.9380791500000005,1.3766784071922302,-0.0037358190049417315,16.808994674682616
1960,705960,314,5.442053120000001,1.376244342327118,-0.004946938902139664,9.893336153030395
1980,713160,314,4.038233610000001,1.375885581970215,-0.006550191342830658,8.376090455055238
2000,720360,314,7.371890570000001,1.375623881816864,0.003129027597606182,15.73348844051361
2020,727560,314,3.523447040000001,1.3747845888137817,-0.0021998301148414613,4.966823822259903
2040,734760,314,2.74411387,1.3746500730514526,0.010481524839997291,15.340083253383636
2060,741960,314,0.72408555,1.3750131011009217,-0.004741908609867096,11.769544291496278
2080,749160,314,5.74311285,1.3740368127822875,-0.008213110268115997,1.2443928450345993
2100,756360,314,5.67239669,1.3732434868812562,-0.005370942293666303,21.85712089538574
2120,763560,314,4.228565530000001,1.3733574151992798,0.007177366316318512,24.81521863937378
2140,770760,314,7.37506615,1.3726356863975524,-0.015396841336041689,3.998449110984802
2160,777960,314,4.89085269,1.372624158859253,-0.0008050943259149789,24.207796096801758
2180,785160,314,3.0195705299999993,1.3732313156127929,0.0004444268764927983,15.979274612665176
2200,792360,314,2.6466995500000006,1.3729780435562133,-0.0030192330479621885,18.63595181107521
2220,799560,314,5.28281891,1.373099434375763,-0.007161089777946472,15.465429663658142
2240,806760,314,3.2188991099999997,1.372802233695984,-0.009126679599285125,22.220727062225343
2260,813960,314,5.729435490000001,1.3744653820991517,-0.009573405236005783,7.435867941379547
2280,821160,314,4.013524729999999,1.3733144760131837,-0.003045296482741833,16.801508140563964
2300,828360,315,5.418099980000001,1.3731241583824159,-0.004829483851790428,11.493612051010132
2320,835560,315,6.994873560000001,1.3726598620414734,-0.011465774662792683,7.559670841693878
2340,842760,315,10.078404849999997,1.3716361761093139,-0.002477189525961876,15.374904096126556
2360,849960,315,3.5267638200000007,1.3722558259963988,-0.0020694807171821594,15.172318357229233
2380,857160,315,9.30885,1.371645188331604,-0.004793094843626023,5.996320962905884
2400,864360,315,7.955199040000001,1.3710920333862304,-0.002431067731231451,22.38215227127075
2420,871560,315,5.076634000000001,1.3713770389556885,-0.0048959445208311084,24.96902189254761
2440,878760,315,6.73748336,1.3718520760536195,0.0021519731730222703,44.406441879272464
2460,885960,315,9.46333712,1.3728286504745484,0.0007507964968681335,21.053788709640504
2480,893160,315,5.36980025,1.3720967292785644,-0.004015934653580189,12.376498126983643
2500,900360,315,7.253662899999999,1.3718333959579467,-0.005926054902374744,1.3222877204418182
2520,907560,315,6.187519249999999,1.3711910486221313,0.0010924875736236573,30.132100582122803
2540,914760,315,5.80642155,1.3713220596313476,-0.006933474540710449,5.817362833023071
2560,921960,315,5.580177530000001,1.3715131163597107,-0.00430237352848053,11.563994550704956
2580,929160,315,12.455553130000004,1.3709261775016786,0.00011272802948951721,7.999126517772675
2600,936360,315,4.844981859999999,1.3705705881118775,0.0018915027379989625,21.745623338222504
2620,943560,315,7.680786970000001,1.3705204844474792,-0.004435017332434654,13.731826114654542
2640,950760,315,6.925749239999999,1.368807351589203,-0.0055139284580945965,18.899762201309205
2660,957960,315,9.77257641,1.3694711685180665,-0.005209710076451301,4.5735069692134855
2680,965160,315,9.204742200000002,1.369251835346222,0.00022888407111167907,16.365096282958984
2700,972360,315,8.77893866,1.3681634068489075,-0.002791563421487808,23.81279878616333
2720,979560,315,11.194074680000002,1.3666343092918396,-0.0023677432909607887,2.603196233510971
2740,986760,315,8.46835722,1.367512047290802,-0.003109319880604744,12.366340070962906
2760,993960,315,8.94361885,1.368087112903595,-0.003366504609584808,26.149233436584474
2780,1001160,315,9.18547229,1.3680127263069153,0.0018059759400784968,38.72967052459717
2800,1008360,315,8.14356621,1.367911696434021,-0.006623014120850712,28.33811721801758
2820,1015560,315,7.14781132,1.3675133466720581,-0.0038395263254642487,11.716903519630431
2840,1022760,315,9.274730900000002,1.3666075348854065,-0.006543239951133728,8.891076934337615
2860,1029960,315,6.982491350000003,1.3665332794189453,-0.00525179710239172,26.51412162780762
2880,1037160,315,7.603339159999999,1.3658407568931579,-0.003286634758114815,19.163442659378052
2900,1044360,315,1.3284658300000003,1.3659114122390748,-0.0052687868475914,6.1313895106315615
2920,1051560,315,9.14625144,1.365841770172119,-0.003997170180082321,21.905376529693605
2940,1058760,315,10.11260127,1.3671228408813476,0.000268581323325634,18.028004932403565
2960,1065960,315,8.830685390000001,1.3673723220825196,-0.005587965995073318,14.976584339141846
2980,1073160,315,9.081164359999999,1.367143201828003,0.006396333314478397,19.078890228271483
3000,1080360,315,6.15312959,1.367211377620697,-0.011991042271256446,4.9903014421463014
3020,1087560,315,8.8455577,1.3670604228973389,0.004498052038252353,19.616354012489317
3040,1094760,315,12.168724650000001,1.367574644088745,-0.003719025477766991,4.405655074119568
3060,1101960,315,8.054254709999999,1.3674992680549622,-0.0009400814771652222,10.904329538345337
3080,1109160,315,13.46336605,1.3668616533279419,0.0016596969217061996,14.609723901748657
3100,1116360,315,8.356565280000002,1.3672201871871947,0.001269126683473587,43.60985857248306
3120,1123560,315,10.76240169,1.3664874315261841,-0.0006372451782226563,17.681829500198365
3140,1130760,315,10.91680961,1.3653631567955018,0.0019085163716226817,28.772338676452637
3160,1137960,315,13.55207165,1.3658501744270324,-0.005090649425983429,10.570743635296822
3180,1145160,315,10.367974869999998,1.3669805526733398,-0.0014129176735877991,36.237534284591675
3200,1152360,315,7.367895140000001,1.3666876077651977,-0.005354807898402214,19.85418269634247
3220,1159560,315,6.647092869999999,1.3661179423332215,0.006798324733972549,22.0081787109375
3240,1166760,315,10.188827329999999,1.3665534853935242,-0.00126340389251709,8.038052248954774
3260,1173960,315,6.96260329,1.3666754603385924,0.009487164579331875,19.5791818857193
3280,1181160,315,12.13997806,1.3661418080329895,-0.007470918446779251,1.100884610414505
3300,1188360,315,7.46708828,1.3647266745567321,-0.004754909360781312,21.67401762008667
3320,1195560,315,11.03477457,1.3649727344512939,-0.0073148546740412716,2.0878851234912874
3340,1202760,315,10.355542550000003,1.3645591139793396,-0.01668204346206039,9.68076686859131
3360,1209960,315,14.060540410000002,1.3641888499259949,0.005584860593080521,38.15984754562378
3380,1217160,315,11.915499169999999,1.3645401120185852,-0.008183954656124115,13.260705989599227
3400,1224360,315,6.0528609499999995,1.3645974159240724,0.004149831831455231,23.64472432732582
3420,1231560,315,8.162456140000002,1.3654547214508057,0.0028005823493003844,21.248318481445313
3440,1238760,315,9.98804909,1.3660189032554626,-0.001901708170771599,3.265044152736664
3460,1245960,315,6.887440889999999,1.3659906029701232,0.005044795945286751,26.856971979141235
3480,1253160,315,9.13762535,1.3666539311408996,-0.006292286049574614,23.43930640220642
3500,1260360,315,7.1764667300000005,1.3662703037261963,-0.0027207273989915846,13.088476705551148
3520,1267560,315,10.54660224,1.3653045296669006,-0.0009770235046744347,37.69759073257446
3540,1274760,315,10.916892709999999,1.3649550914764403,0.009161319956183434,19.224236249923706
3560,1281960,315,8.688086160000001,1.36366468667984,-0.0030886217951774596,13.951011094450951
3580,1289160,315,9.588723980000001,1.363279676437378,-0.0015493297949433326,9.544488716125489
3600,1296360,315,4.613756159999999,1.363815474510193,-0.011748499982059003,6.520424997806549
3620,1303560,315,9.075706260000002,1.3644472718238831,-0.006816724687814713,13.750579714775085
3640,1310760,315,7.684179629999999,1.3637057662010192,-0.0015530288219451904,4.427846741676331
3660,1317960,315,8.684006160000001,1.362703764438629,-0.011494319140911102,23.733244121074677
3680,1325160,315,9.08598212,1.3626422524452209,-0.003340146178379655,6.7849987030029295
3700,1332360,315,4.78472632,1.3615719079971313,0.0010749740526080132,34.28825492858887
3720,1339560,314,7.12158669,1.3613726139068603,-0.0031707454938441513,5.763151824474335
3740,1346760,314,8.113044420000001,1.361879324913025,-0.00021686838008463382,14.589050710201263
3760,1353960,314,7.87907298,1.3617788434028626,-0.009558179322630167,19.726985931396484
3780,1361160,314,8.7710498,1.3619952201843262,-0.0051934078335762026,12.552382600307464
3800,1368360,314,9.969991219999999,1.3626217722892762,-0.007953781634569168,21.67631640434265
3820,1375560,314,12.077339329999997,1.3620814323425292,0.0055791839957237245,20.517436170578
3840,1382760,314,11.18753536,1.362072217464447,0.0025178585201501846,11.838940918445587
3860,1389960,314,10.01544314,1.361026692390442,-0.0026685617864131927,22.380439233779907
3880,1397160,314,11.40673286,1.3610231518745421,0.0017388224601745605,29.630097770690917
3900,1404360,314,8.25422183,1.360815954208374,0.006408630311489106,9.348534512519837
3920,1411560,314,9.60676385,1.3611795544624328,-0.008830576110631228,24.861441922187804
3940,1418760,314,14.621480599999995,1.3611942291259767,-0.004571349173784256,8.1014195561409
3960,1425960,314,12.30567223,1.3618309855461121,-0.011253706738352775,11.570934039354324
3980,1433160,314,11.782640989999999,1.3618850827217102,0.0009619260672479868,15.608074563741685
4000,1440360,314,11.75891155,1.3609466314315797,0.002134976163506508,11.470463156700134
4020,1447560,314,15.476181299999999,1.3603323221206665,-0.007590357959270477,12.128040820360184
4040,1454760,314,10.508463930000003,1.3605408430099488,-0.0037565678358078003,12.330620181560516
4060,1461960,314,11.25291958,1.35964195728302,-0.007106793671846389,8.97497562766075
4080,1469160,314,12.714105370000002,1.3599129796028138,0.006786974519491196,24.79379270076752
4100,1476360,314,13.441471469999996,1.3587408542633057,0.00013900548219680786,17.45768600106239
4120,1483560,314,9.23620591,1.3586943030357361,-0.010292419791221618,10.697619569301605
4140,1490760,314,12.693471909999998,1.3589496850967406,-0.005709001794457436,6.109760844707489
4160,1497960,314,11.27213925,1.3587503552436828,0.002290378510951996,9.742451691627503
4180,1505160,314,16.12595989,1.3579303979873658,0.0009386762976646423,30.86628520488739
4200,1512360,314,10.364750489999999,1.358505666255951,-0.0031325647607445715,14.138602250814438
4220,1519560,314,12.730533339999997,1.3576525688171386,-0.008799062855541707,0.9780722349882126
4240,1526760,314,16.293355749999996,1.3580460786819457,0.0023670583963394166,14.321293592453003
4260,1533960,314,15.682388600000001,1.3585285186767577,-0.00033023785799741746,21.956091976165773
4280,1541160,314,16.64389815,1.3583124995231628,-0.01611888352781534,2.0805588722229005
4300,1548360,314,14.890536200000001,1.3568930149078369,-0.008902831375598908,12.082494246959687
4320,1555560,314,12.797889719999999,1.357476830482483,0.01334820594638586,17.813366520404816
4340,1562760,314,10.85672314,1.3584028482437134,-0.0026281289756298065,11.289668965339661
4360,1569960,314,7.05534074,1.3580693006515503,0.003101160377264023,14.461377412080765
4380,1577160,314,10.398718650000001,1.358311128616333,-0.005701863206923008,7.91525582075119
4400,1584360,314,10.39582232,1.3582023143768311,0.004839451471343637,35.68306179046631
4420,1591560,314,11.446478160000002,1.357815444469452,-0.008327260613441467,10.80556112229824
4440,1598760,314,11.45767599,1.3567688465118408,-0.001698186993598938,13.481660223007202
4460,1605960,314,7.994495960000002,1.35681072473526,-0.008377833664417267,4.423649001121521
4480,1613160,314,11.590386639999998,1.3574658989906312,-0.0049057196825742725,23.237213373184204
4500,1620360,314,16.519705050000002,1.3567910075187684,-0.003248345851898193,10.9965063393116
4520,1627560,314,9.927264659999999,1.3572931289672852,0.0025106217712163926,41.21026939153671
4540,1634760,314,8.862491310000001,1.3577293515205384,-0.0015940614975988865,26.14732484817505
4560,1641960,314,7.90296733,1.357249641418457,-0.004796948283910751,13.405892097949982
4580,1649160,314,12.132768579999999,1.3574378609657287,-0.002069488062988967,25.763377952575684
4600,1656360,314,9.70615858,1.3572173833847045,-0.006738221272826195,6.91237428188324
4620,1663560,314,8.85229584,1.3571773767471313,-0.006635336624458432,20.8282728433609
4640,1670760,314,11.064206170000002,1.3571224093437195,-0.0008677471429109574,14.551414823532104
4660,1677960,314,14.018268050000001,1.3565739393234253,-0.0053186193108558655,10.716509413719177
4680,1685160,314,10.378331100000002,1.3560921669006347,-0.002605067566037178,27.439757382869722
4700,1692360,314,10.97368832,1.3553577423095704,0.008342700265347957,31.56094210743904
4720,1699560,314,16.32013995,1.3547105669975281,-0.0019964814186096192,12.444928926229476
4740,1706760,314,13.3548623,1.3555607080459595,-0.0037876886781305075,1.3721881955862045
4760,1713960,314,13.05139489,1.3550952315330504,0.0013856932520866394,19.77293038368225
4780,1721160,314,3.92854931,1.3551366448402404,-0.003142474591732025,18.614258712530138
4800,1728360,314,9.178112539999999,1.355116319656372,-0.0012988660484552384,34.236157989501955
4820,1735560,314,11.01191662,1.3540060997009278,-0.0032342329621315004,6.371282070875168
4840,1742760,314,17.29164701,1.3535338282585143,6.50603324174881e-05,5.226024699211121
4860,1749960,314,17.14332017,1.353736400604248,0.0070736251771450044,25.909471607208253
4880,1757160,314,8.703207630000001,1.3545822381973267,-0.005265518010128289,33.25647062063217
4900,1764360,314,11.23306159,1.354869544506073,-0.0012237235903739929,29.766959571838377
4920,1771560,314,11.604172210000002,1.353712022304535,-0.0059172102584852835,8.848173713684082
4940,1778760,314,17.71456123,1.3529884099960328,-0.004844987764954567,0.7815832465887069
4960,1785960,314,10.34929538,1.3532810091972352,-0.009656599536538125,12.14593830704689
4980,1793160,314,14.44636841,1.3536413311958313,-0.018195554614067078,0.38298643827438356
5000,1800360,314,14.063752539999998,1.3543278574943542,-0.0022629817947745325,16.236881697177886
5020,1807560,314,10.270379170000002,1.3539883971214295,0.0027792357839643957,22.95350604057312
5040,1814760,314,10.67999446,1.3532574653625489,-0.0044730518013238905,20.227430522441864
5060,1821960,314,10.36127512,1.3531663060188293,-0.0017451032996177672,14.587910068035125
5080,1829160,314,9.50352607,1.352953016757965,-0.0027166773652425036,25.983236503601074
5100,1836360,314,12.39127757,1.3535785317420959,-0.004719417542219162,26.52809997200966
5120,1843560,314,14.11682953,1.3520766735076903,-0.0055207408964633945,0.4765479326248169
5140,1850760,314,15.985515470000001,1.3524091601371766,-0.002333903033286333,15.342224025726319
5160,1857960,314,13.057837280000001,1.351991641521454,-0.010341748595237732,3.9541296541690825
5180,1865160,314,7.79214939,1.3521633744239807,-0.007633858697954565,14.924494713544846
5200,1872360,314,14.710902449999999,1.3510858535766601,-0.004218213632702828,27.823724454641344
5220,1879560,314,11.45980292,1.3503527522087098,0.001325307786464691,34.50924924015999
5240,1886760,314,13.494620980000002,1.3494068503379821,-0.00934117566794157,10.405615186691284
5260,1893960,314,13.47895287,1.3488336563110352,-0.0033473923802375795,5.983358365297318
5280,1901160,314,11.04341385,1.3496145725250244,0.005207469814922661,15.107040619850158
5300,1908360,314,11.810709939999999,1.3497926473617554,-0.004955585114657879,59.01663227081299
5320,1915560,314,7.320531580000001,1.3500787973403932,-0.004294203221797943,14.454866805672646
5340,1922760,314,12.36717067,1.3499073743820191,0.0028386838734149934,17.621796441078185
5360,1929960,314,15.288761160000004,1.3486076712608337,-0.00691470205783844,8.189115780591965
5380,1937160,314,12.154100360000003,1.3492777585983275,-0.012492506206035614,6.429482901096344
5400,1944360,314,14.219640679999998,1.3496716737747192,-0.00996965542435646,30.085018730163576
5420,1951560,314,11.04352899,1.350230085849762,0.0004295453429222107,6.86799830198288
5440,1958760,314,9.923414849999999,1.3496035099029542,0.0008803948760032654,17.450448662042618
5460,1965960,314,12.28202765,1.3515061736106873,-0.008980386797338724,8.11394044160843
5480,1973160,314,9.90305412,1.3512775182724,0.004523002542555332,31.328350645303725
5500,1980360,314,14.007154989999998,1.3506627440452577,-0.00159003846347332,1.8864122927188873
5520,1987560,314,12.68709515,1.3498905777931214,-0.005681680329144001,17.909969806671143
5540,1994760,314,11.302655650000002,1.3501650810241699,-0.0034429341554641723,9.8186009734869
5560,2001960,314,12.467410240000001,1.3509997844696044,-0.007555928826332092,20.072697734832765
5580,2009160,314,12.724359770000001,1.351223111152649,-0.0008838092908263206,12.59146699309349
5600,2016360,314,12.798467639999998,1.3514947414398193,-0.002986479550600052,26.718771362304686
5620,2023560,314,8.808209170000001,1.3517683506011964,-0.004169559478759766,34.48813667297363
5640,2030760,314,13.59475081,1.3522120237350463,-0.008008889853954315,1.6021513372659684
5660,2037960,314,12.154308980000001,1.3532912254333496,0.0005390358157455922,40.20717033147812
5680,2045160,314,10.61823294,1.3527204513549804,0.003516746510285884,17.988290214538573
5700,2052360,314,13.886319929999999,1.352549922466278,0.0010019928216934205,18.412873768806456
5720,2059560,314,12.920974919999999,1.353328537940979,-0.006777523085474968,34.03890247344971
5740,2066760,314,13.128619189999997,1.353738284111023,0.005831617116928101,31.5781081199646
5760,2073960,314,13.94661302,1.3525331377983094,0.010535459965467453,22.616565823554993
5780,2081160,314,14.300231079999998,1.3515995740890503,-0.004491982609033584,1.4276168525218964
5800,2088360,314,16.38276298,1.3520816206932067,-0.003221285715699196,1.6258289232850074
5820,2095560,314,11.22127017,1.3519142031669618,0.0079540953040123,37.15183610916138
5840,2102760,314,14.359950060000001,1.3530444145202636,-0.000286874920129776,9.400310683250428
5860,2109960,314,15.698450339999997,1.3529353141784668,0.0062001019716262816,28.855598708987237
5880,2117160,314,12.450542310000001,1.3523534893989564,-0.00654190182685852,6.858808210492134
5900,2124360,314,13.38411775,1.3512320637702941,-0.0003458127379417419,32.4231773018837
5920,2131560,314,10.18682621,1.3516102075576781,0.0033494120463728903,33.410708332061766
5940,2138760,314,13.82980036,1.3515591144561767,-0.0071902558207511905,20.29698371887207
5960,2145960,314,12.83902881,1.3517336010932923,-0.00074903704226017,11.544872105121613
5980,2153160,314,13.527637499999999,1.3522789478302002,-0.001140723004937172,20.255557149648666
6000,2160360,314,10.898911340000002,1.351220190525055,0.0009011476300656796,22.656545066833495
6020,2167560,314,12.37975773,1.351187264919281,0.004948465712368488,38.945013999938965
6040,2174760,314,11.51161648,1.3505001068115234,-0.003627012670040131,10.549465560913086
6060,2181960,314,10.387601899999998,1.351125705242157,0.010033729672431945,25.61208286881447
6080,2189160,314,10.73392361,1.3507559537887572,-0.003981906967237592,28.85011444091797
6100,2196360,314,11.119120609999998,1.3501715540885926,-0.02081392388790846,11.971400475502014
6120,2203560,314,13.335115319999998,1.351011323928833,-0.006306760758161545,21.589725971221924
6140,2210760,314,13.210082810000001,1.3516452670097352,-0.010665476322174072,12.59982076883316
6160,2217960,314,13.981068729999999,1.3521624207496643,-0.0006776869297027588,29.974469327926634
6180,2225160,314,14.393039530000001,1.3518472909927368,-0.003537542372941971,19.44563409090042
6200,2232360,314,10.447517960000003,1.3525040745735168,0.007670349627733231,23.237009906768797
6220,2239560,314,12.650870749999997,1.3507228374481202,0.0002374227624386549,26.89248456954956
6240,2246760,314,8.62853202,1.3511908292770385,-0.0005849763751029968,37.6033257484436
6260,2253960,314,9.58524798,1.3510346293449402,0.005548259615898133,13.322632014751434
6280,2261160,314,13.53647191,1.3511008977890016,-0.001284918189048767,16.072341871261596
6300,2268360,314,11.44055299,1.3504438638687133,-0.015244554355740547,15.977577090263367
6320,2275560,314,12.384311409999999,1.3490045428276063,-0.003575851209461689,17.30874773263931
6340,2282760,314,11.514653019999999,1.3485830783843995,-0.00447758212685585,37.432004833221434
6360,2289960,314,10.12649828,1.3493237257003785,0.0007786840200424194,18.57431915998459
6380,2297160,314,11.665598540000001,1.34798504114151,-0.007718322053551674,12.587812501192094
6400,2304360,314,12.08824259,1.3485670924186706,0.0005162835121154785,29.740182304382323
6420,2311560,314,12.70727886,1.3488587498664857,-0.002635224163532257,7.119283920526504
6440,2318760,314,13.097477199999997,1.3496008276939393,-0.0006555430591106415,25.019125747680665
6460,2325960,314,14.455438610000002,1.348979616165161,-0.009053332731127739,35.48389673233032
6480,2333160,314,16.09366478,1.3490193486213684,0.00026881854282692077,4.895758837461472
6500,2340360,314,13.8399411,1.3487854242324828,-0.002582761645317078,5.889530432224274
6520,2347560,314,13.10229614,1.3478378295898437,0.004884464293718338,15.763374996185302
6540,2354760,314,8.97850452,1.3464112043380738,-0.005412607640028,3.7446705281734465
6560,2361960,314,10.398453969999998,1.3465727686882019,0.001498483121395111,32.920628333091734
6580,2369160,314,15.10660368,1.346053159236908,-0.012163332104682923,16.949867424368858
6600,2376360,314,13.81479423,1.3455284595489503,0.001342315599322319,28.86332850456238
6620,2383560,314,13.511402579999997,1.3458301544189453,-0.010139226727187634,6.7225399792194365
6640,2390760,314,10.643879660000003,1.3456844568252564,0.005029310286045074,18.487832522392274
6660,2397960,314,14.028046080000001,1.345995807647705,-0.0038870211690664293,27.512583595514297
6680,2405160,314,13.82026187,1.3466201305389405,-0.0009379098191857338,38.451334953308105
6700,2412360,314,13.237035469999999,1.3471432209014893,0.0016795523464679719,29.004353046417236
6720,2419560,314,10.65493014,1.3479421973228454,-0.004953321069478989,15.880181890726089
6740,2426760,314,11.958076409999999,1.3480858325958252,0.0012045297771692276,3.368137222528458
6760,2433960,314,13.60361856,1.3466304898262025,0.006566856801509857,7.23980546593666
6780,2441160,314,12.688929929999999,1.3484159708023071,0.00016374546103179455,7.035037899017334
6800,2448360,314,12.37300704,1.348768699169159,0.0038445025682449343,32.56407489776611
6820,2455560,314,14.58358159,1.3486493468284606,-0.008594869449734688,12.59941074848175
6840,2462760,314,15.02610731,1.3496180176734924,0.006783424157765694,50.53962526321411
6860,2469960,314,11.09936263,1.3500617146492004,-0.0071528956294059755,10.853392916917802
6880,2477160,314,10.083297230000001,1.350200366973877,-0.005292494967579842,18.743337678909302
6900,2484360,314,6.871928370000001,1.3493338584899903,0.0037793056457303465,23.077683782577516
6920,2491560,314,12.360952080000002,1.3489214181900024,0.0067579193040728566,20.207397985458375
6940,2498760,314,12.76048344,1.3492354989051818,-0.004921929538249969,34.84978601038456
6960,2505960,313,11.320407409999998,1.3490844368934631,-0.005818438902497292,25.097293445467947
6980,2513160,313,9.726762709999997,1.3495389223098755,0.0040718063712120054,23.058168029785158
7000,2520360,313,16.555445590000005,1.348272407054901,-0.005836132448166609,4.807006359100342
7020,2527560,313,11.997226749999998,1.3474852800369264,-0.003744184970855713,10.588440644741059
7040,2534760,313,13.169060320000002,1.347390592098236,-0.0006282985210418701,24.71749165058136
7060,2541960,313,19.338883420000002,1.3456061244010926,-0.002779607195407152,22.313616156578064
7080,2549160,313,15.507830879999998,1.3465928196907044,-0.007525772228837014,37.06335506439209
7100,2556360,313,16.561110219999996,1.3457078218460083,-0.0031312387902289627,22.318791604042055
7120,2563560,313,17.51012852,1.3443089246749877,-0.0004162721335887909,30.314313673973082
7140,2570760,313,15.465249379999998,1.3444188952445983,-0.0012011852115392685,21.393620869517328
7160,2577960,313,18.17644937,1.3444563746452332,-0.005886327475309372,8.527940437197685
7180,2585160,313,18.39924228,1.3443489074707031,-0.005257130414247513,15.454468849301339
7200,2592360,313,17.637201790000002,1.34401878118515,0.002430194616317749,11.12681919336319
7220,2599560,313,16.77769564,1.3443288207054138,0.013963480293750764,26.688263511657716
7240,2606760,313,18.523537150000003,1.3447647571563721,-0.015161513304337858,4.63962052166462
7260,2613960,313,19.99415477,1.34397394657135,-0.009765121340751647,0.39532398283481596
7280,2621160,313,17.331866599999998,1.3436304807662964,-0.01292063370347023,32.89729183912277
7300,2628360,313,16.945464920000003,1.3442520022392273,-0.00854252725839615,0.3258906424045563
7320,2635560,313,15.907002519999999,1.345198404788971,-0.005134128779172897,7.18520068526268
7340,2642760,313,16.240860429999998,1.3441057085990906,-0.0072475910186767575,11.122745069861413
7360,2649960,313,15.30287139,1.3434737205505372,-0.0041470184922218324,33.443106174468994
7380,2657160,313,17.077441269999998,1.3439999103546143,-0.008295399323105811,0.7594919115304947
7400,2664360,313,20.45212288,1.3432448148727416,-0.01372809144668281,0.3312230408191681
7420,2671560,313,15.172790090000001,1.3428836941719056,-0.0038600664120167494,17.425119531154632
7440,2678760,313,18.841283190000002,1.3425108194351196,-0.010838526487350463,0.39188955575227735
7460,2685960,313,14.251332909999997,1.342277991771698,-0.00012962520122528076,11.324036031961441
7480,2693160,313,15.853534619999998,1.3418301582336425,0.005094074923545122,9.760853660106658
7500,2700360,313,11.503209310000003,1.3415126085281373,0.0034980546683073045,26.737749767303466
7520,2707560,313,15.151316820000002,1.341426920890808,0.0028656914830207823,17.65812909603119
7540,2714760,313,15.630148739999997,1.3419471025466918,0.004180723428726196,26.396701303124427
7560,2721960,313,11.53808717,1.3427246928215026,0.004786912724375725,11.185502254962921
7580,2729160,313,12.475779589999995,1.3429327249526977,0.0030993878841400146,12.310648447275161
7600,2736360,313,13.570330590000001,1.3431662440299987,0.001987316459417343,19.346781063079835
7620,2743560,313,15.414849929999997,1.3421724796295167,-0.0034705013036727904,14.081581342220307
7640,2750760,313,11.553248819999999,1.3420948743820191,0.012964355945587158,18.481451922655104
7660,2757960,313,12.73193561,1.3421066045761108,0.012338093109428882,23.629160714149474
7680,2765160,313,14.210619780000002,1.3427673697471618,-0.012070370838046074,8.55232267677784
7700,2772360,313,13.64971746,1.343433678150177,0.015666228905320167,16.50539412498474
7720,2779560,313,13.486597300000003,1.3437923431396483,0.004934251797385514,4.953177523612976
7740,2786760,313,15.013372769999998,1.3440842866897582,0.0009459786117076874,12.770287585258483
7760,2793960,313,14.63740635,1.3435228228569032,0.012111292593181134,14.575123500823974
7780,2801160,313,13.55427755,1.344065546989441,0.010290724784135818,27.619690895080566
7800,2808360,313,15.07471128,1.3431415796279906,-0.0055016748607158664,11.603325325250626
7820,2815560,313,14.5705292,1.343029296398163,-0.0009266301989555359,28.288789463043212
7840,2822760,313,12.84739912,1.3434387803077699,-0.012125847861170769,9.547495481371879
7860,2829960,313,14.42793804,1.3423925757408142,0.010673539713025093,29.63116512298584
7880,2837160,313,9.504811160000001,1.3424883127212524,-0.0017354527488350868,12.858236715197563
7900,2844360,313,13.787251850000002,1.3426861405372619,-0.003017859533429146,7.2045076310634615
7920,2851560,313,13.760223140000003,1.341894507408142,-0.007536059617996216,15.04720311164856
7940,2858760,313,13.256750120000001,1.3412879347801208,-0.012613198161125183,9.105777782201766
7960,2865960,313,18.038495419999997,1.34062579870224,-0.00117348856292665,21.76637755930424
7980,2873160,313,13.22975784,1.3408133268356324,-0.007509045302867889,11.382272171974183
8000,2880360,313,14.045701799999996,1.3400737047195435,0.0005390856647863984,16.315838241577147
8020,2887560,313,11.982014569999999,1.3404442429542542,0.002021845430135727,33.780518245697024
8040,2894760,313,16.01489745,1.3411215186119079,0.004765252768993378,12.215111541748048
8060,2901960,313,15.521544079999996,1.3407883763313293,-0.004307654872536659,35.82054271697998
8080,2909160,313,13.771059359999997,1.3404136419296264,-0.004406635090708733,37.58712272644043
8100,2916360,313,14.246202300000002,1.3409827470779419,0.0018175497651100158,10.797057413309812
8120,2923560,313,17.090509280000003,1.340215003490448,-0.0074283450841903685,13.330192887783051
8140,2930760,313,16.53839182,1.3395087361335754,-0.007403053529560566,2.1232949256896974
8160,2937960,313,15.49578951,1.339437448978424,0.0020185522735118866,19.70096551179886
8180,2945160,313,19.49209677,1.3393261313438416,0.003088293969631195,14.538390585780144
8200,2952360,313,14.29498319,1.3393753051757813,-0.006387733668088913,32.60430936813354
8220,2959560,313,13.993405110000001,1.3403721570968627,-0.0128122016787529,22.67653057575226
8240,2966760,313,15.91340478,1.3395174503326417,-0.009632973372936249,24.295674520730973
8260,2973960,313,16.03978719,1.33930162191391,-0.0004660593462176621,6.90298718214035
8280,2981160,313,17.472887389999997,1.3404953479766846,0.005631502531468868,23.407043647766113
8300,2988360,313,17.98002867,1.33912193775177,0.004298555897548795,6.672355508804321
8320,2995560,313,17.87756386,1.3380866169929504,0.007940801978111266,9.441028612852097
8340,3002760,313,20.616962530000002,1.3378986716270447,-0.0024918243288993835,3.831112824380398
8360,3009960,313,21.46291841,1.3379371285438537,-0.009050022857263685,0.6310997724533081
8380,3017160,313,18.659562969999996,1.3373964309692383,-0.007493618503212928,4.655576179921627
8400,3024360,313,16.096136880000003,1.3379440188407898,-0.010608287691138685,2.845809842646122
8420,3031560,313,15.82210965,1.338921594619751,0.004232178814709187,39.18459415435791
8440,3038760,313,14.449485399999999,1.3375756382942199,0.000876257591880858,36.62476806640625
8460,3045960,313,8.925660580000002,1.3374901056289672,0.0017819643020629884,13.409656751155854
8480,3053160,313,15.533274,1.3372082352638244,-0.00668889693915844,28.400494480133055
8500,3060360,313,14.329464199999995,1.3383086442947387,-0.0004616886377334595,22.663319689035415
8520,3067560,313,11.854904119999999,1.3383356213569642,-0.010788515256717802,36.3023759841919
8540,3074760,313,14.827066140000001,1.3384668231010437,-0.005373529344797135,18.97326346039772
8560,3081960,313,15.131027529999999,1.3398508787155152,-0.012305162847042084,2.63396817445755
8580,3089160,313,15.073019559999999,1.3408613562583924,-0.01037946492433548,1.9694778248667717
8600,3096360,313,13.695891959999999,1.3419403433799744,0.004137729853391647,34.29353723526001
8620,3103560,313,12.31557269,1.3419363856315614,-0.01620931550860405,23.942677974700928
8640,3110760,313,17.889512899999996,1.3421587228775025,0.009400106966495514,17.47042091935873
8660,3117960,313,15.794635110000002,1.3437518239021302,0.00989041905850172,31.307962036132814
8680,3125160,313,11.289937700000001,1.3447377800941467,0.002130305767059326,25.167881521582604
8700,3132360,313,14.83405115,1.3439682006835938,0.0018040971830487252,14.034500181674957
8720,3139560,313,15.171242590000002,1.34428790807724,0.01959235817193985,12.853378894925118
8740,3146760,313,17.27504613,1.3438794374465943,-0.00445171557366848,22.806986618041993
8760,3153960,313,15.300730990000002,1.345000398159027,-0.002006036043167114,15.764508664608002
8780,3161160,313,15.45894406,1.3451250076293946,-0.0017849083989858628,4.074352970719337
8800,3168360,313,17.673826969999997,1.3457946300506591,-0.002168476115912199,8.245340269804
8820,3175560,313,12.027395040000002,1.3462377190589905,-0.02063693106174469,11.70284793972969
8840,3182760,313,15.080093709999998,1.3453183054924012,-0.007426021993160248,54.77530860900879
8860,3189960,313,14.985644440000003,1.3470223188400268,-0.01605292735621333,27.621023547649383
8880,3197160,313,17.380204130000003,1.346726417541504,-0.0018878540955483913,3.550170284509659
8900,3204360,313,12.764409730000002,1.346596610546112,-0.01176993027329445,19.45834028124809
8920,3211560,313,13.47329552,1.347207510471344,0.00499967512441799,27.428746509552003
8940,3218760,313,13.33908289,1.348321008682251,0.0012824174016714096,27.851465225219727
8960,3225960,313,15.71292677,1.3481853008270264,-0.0034280240535736082,8.684687131643296
8980,3233160,313,16.6940653,1.348067045211792,-0.0025788091123104097,10.436325579881668
9000,3240360,313,15.046330509999997,1.347963237762451,-0.000511531624943018,1.3840915888547898
9020,3247560,313,14.50367069,1.349362576007843,0.0023113399744033813,9.073672586679459
9040,3254760,313,14.043421850000001,1.3492708921432495,0.01129593513906002,19.115439319610594
9060,3261960,313,14.08700988,1.3497805953025819,0.006213322654366494,14.34159092605114
9080,3269160,313,17.535290339999996,1.3493687629699707,0.00288315936923027,16.697709679603577
9100,3276360,313,22.03075428,1.3486022353172302,-0.006287676841020584,44.71602230072021
9120,3283560,313,18.01539209,1.3484748959541322,0.003674541413784027,14.463751089572906
9140,3290760,313,19.76788325,1.3484620213508607,0.0007639527320861816,17.22597916126251
9160,3297960,313,17.52713327,1.3487007021903992,-0.0049738273024559024,8.501007294654846
9180,3305160,313,16.51693066,1.3491899728775025,-0.0035038359463214876,2.3938713163137435
9200,3312360,313,14.374049560000001,1.3497843861579895,-0.01201400849968195,3.0418012619018553
9220,3319560,313,16.928919380000004,1.3503952264785766,-0.003224588371813297,23.636058104038238
9240,3326760,313,17.36476774,1.3496104240417481,0.0024240918457508085,18.56223384141922
9260,3333960,313,16.84377971,1.3503879308700562,-0.0005595028400421142,11.30976198911667
9280,3341160,313,18.61453086,1.3516244053840638,-0.012323838472366334,29.075244492292406
9300,3348360,313,19.50437302,1.3488519668579102,-0.005916440486907959,8.937545914947986
9320,3355560,313,19.55557781,1.3484957337379455,0.008380308747291565,5.191708788275719
9340,3362760,313,18.95395876,1.348440706729889,0.005561829218640924,17.740461748838424
9360,3369960,313,19.6392397,1.3491187810897827,-0.008312530815601349,4.565574350953102
9380,3377160,313,16.899977009999997,1.3486223816871643,-0.011208635568618775,16.012450313568117
9400,3384360,313,17.353647239999997,1.3485128045082093,-0.003731735050678253,10.522074212133884
9420,3391560,313,15.4240661,1.3490835547447204,-0.0077806152403354645,18.717423406243324
9440,3398760,313,15.843171939999998,1.3491215467453004,-0.005796301737427711,3.0371839940547942
9460,3405960,313,13.59179749,1.348533296585083,0.004318500310182572,29.210809421539306
9480,3413160,313,12.971781229999998,1.3493168592453002,-0.002297616400755942,15.526897144317626
9500,3420360,313,16.4807457,1.3487995505332946,-0.003955873101949692,30.022749853134155
9520,3427560,313,13.729828480000002,1.3495617866516114,-0.0007688408717513084,36.944905853271486
9540,3434760,312,13.753825719999998,1.3488497138023376,0.00037171710282564164,18.401087963581084
9560,3441960,312,18.117351250000002,1.3474207162857055,-0.010009192582219838,44.034437561035155
9580,3449160,268,16.69378225,1.3480830788612366,-0.015925280065857805,1.5953121423721313
9600,3456360,249,12.29375799,1.348381268978119,0.0009943306446075439,23.521595239639282
9620,3463560,231,12.59766017,1.3490808367729188,-0.0058016650378704075,44.489966201782224
9640,3470760,216,15.73373851,1.3493409991264342,0.01215264229103923,21.376080417633055
9660,3477960,169,15.004571330000003,1.3490302562713623,-0.0030636869370937346,26.550668555498124
9680,3485160,169,15.50818501,1.3497111439704894,0.005794660747051239,5.894648948311806
9700,3492360,169,13.165364310000003,1.3506816029548645,-4.426874220371246e-05,42.90724439620972
9720,3499560,169,13.346113059999999,1.3505879044532776,-0.009499961044639349,0.9688754469156265
9740,3506760,169,11.89068113,1.3506285309791566,0.009611814841628074,37.72571516036987
9760,3513960,170,10.877940490000004,1.3502171874046325,0.006995357945561409,23.57825424671173
9780,3521160,170,13.588456619999999,1.3505987763404845,-0.00014757532626390456,22.513714766502382
9800,3528360,170,11.55343174,1.350505495071411,-0.005018772487528622,36.251233863830564
9820,3535560,170,11.735089269999998,1.3509430170059205,0.0034151677042245864,13.237299847602845
9840,3542760,170,13.320272639999995,1.3514657258987426,0.005303693725727499,20.876249504089355
9860,3549960,170,14.390545799999998,1.3521106004714967,0.004952748119831085,6.801404672861099
9880,3557160,171,11.807803620000001,1.3516584038734436,0.004378359764814377,17.619404017925262
9900,3564360,171,11.178306029999998,1.3516827464103698,-0.005539651680737734,2.563819921016693
9920,3571560,171,11.185310629999998,1.3532747745513916,0.001339823380112648,44.76253690719604
9940,3578760,171,13.308342119999999,1.353646731376648,-0.0023733684793114662,30.320735359191893
9960,3585960,171,14.741020500000001,1.3541499853134156,0.0014612317085266114,9.797636872529983
9980,3593160,171,12.874495050000002,1.354434883594513,0.003217758983373642,23.815702390670776
10000,3600360,171,11.124708700000001,1.3536270380020141,-0.006113991141319275,17.31178959608078
10020,3607560,172,15.623385999999998,1.3547833919525147,0.0020571833476424215,53.35863265991211
10040,3614760,172,16.78046585,1.3540887594223023,-0.0015543133020401,15.116331773996354
10060,3621960,172,15.609860860000001,1.3541371941566467,-0.006709901802241802,50.72796021699905
10080,3629160,172,11.202388769999997,1.3539131164550782,0.01410905560478568,30.03184642791748
10100,3636360,172,13.354229229999998,1.3543977856636047,0.021196840703487395,41.758786010742185
10120,3643560,172,13.529456189999998,1.3535368680953979,-0.000597776798531413,1.1333909571170806
10140,3650760,173,15.881535979999999,1.353942096233368,0.007649162411689758,20.502144432067873
10160,3657960,173,14.658540680000002,1.353887391090393,-0.013404251635074615,4.889411118626595
10180,3665160,173,10.905649720000001,1.3533167004585267,0.003555051516741514,6.86907217502594
10200,3672360,173,12.765167549999996,1.3537051916122436,0.0039734944701194765,10.45009712278843
10220,3679560,173,11.031288019999995,1.3532566905021668,-0.0026897866278886794,43.70306262969971
10240,3686760,173,8.29448726,1.3540854454040527,-0.006586696207523346,21.505057740211488
10260,3693960,173,10.866411840000001,1.3541315078735352,0.0009505830239504576,49.18526077270508
10280,3701160,174,13.19069906,1.3545877814292908,0.017355378437787294,37.23212604522705
10300,3708360,174,14.72162147,1.3547810316085815,-0.00022151675075292586,8.14485685378313
10320,3715560,174,13.991737109999999,1.3551560878753661,-0.005517170205712319,10.12947142124176
10340,3722760,174,15.59066542,1.3546805262565613,-0.009801986813545226,12.684500145912171
10360,3729960,174,14.357304300000001,1.3544952988624572,0.006143904384225607,3.479482054710388
10380,3737160,174,17.03288107,1.3551823854446412,0.008312709629535675,21.707505416870116
10400,3744360,174,14.405576420000003,1.3551812767982483,-0.0021616391837596892,12.233815571665763
10420,3751560,175,12.390681809999998,1.355829906463623,0.007472304999828339,21.049221830070017
10440,3758760,175,16.0594173,1.357120430469513,-0.007098147273063659,10.54039579629898
10460,3765960,175,13.235834850000002,1.3573599696159362,-0.009973656386137009,42.31122379302978
10480,3773160,175,18.599474309999998,1.3576560735702514,0.02233257293701172,27.564665669202803
10500,3780360,175,14.450314189999999,1.357523787021637,-0.008045309991575777,0.8155578687787056
10520,3787560,175,17.03019885,1.3566833019256592,0.022682446613907815,21.521681904792786
10540,3794760,176,16.94184316,1.3574989795684815,-0.007488561794161797,11.351014065742493
10560,3801960,176,17.265669170000002,1.3578499674797058,0.00479384952923283,21.337311267852783
10580,3809160,176,10.31185399,1.3578117966651917,0.006904231756925583,19.75559034347534
10600,3816360,176,12.42596823,1.357740008831024,-0.0015566404908895493,3.298743152618408
10620,3823560,176,12.688476409999998,1.3581422686576843,-0.0009185314178466797,15.360869109630585
10640,3830760,176,12.679436560000005,1.3593610763549804,-0.004153725691139698,43.52014594078064
10660,3837960,176,11.37032212,1.3605024337768554,0.003905479609966278,25.74835729598999
10680,3845160,177,16.71383733,1.3603895545005797,0.006742186937481165,20.193836176395415
10700,3852360,177,15.784068710000001,1.361282730102539,-0.0007248304784297944,15.234068775177002
10720,3859560,177,13.740074709999998,1.3606728315353394,-0.0008993297815322876,5.43030669093132
10740,3866760,177,19.72464489,1.3604488253593445,-0.003555370308458805,16.003882095217705
10760,3873960,177,15.358313740000002,1.3590512990951538,0.008878135681152343,9.398240542411804
10780,3881160,177,15.162764870000004,1.359013020992279,-0.0012983880937099458,22.083174538612365
10800,3888360,177,15.374645799999998,1.3591078758239745,-0.009621140360832215,15.125550198554993
10820,3895560,178,14.82661907,1.3590044140815736,-0.007658242713660002,23.612701749801637
10840,3902760,178,14.649188900000002,1.359865653514862,-0.0013770677149295806,17.45663468837738
10860,3909960,178,16.36455505,1.359938371181488,-0.013885971158742905,18.062412494421004
10880,3917160,178,15.159652449999996,1.3604180693626404,0.0040211021900177,39.909558868408205
10900,3924360,178,19.927648910000002,1.3601107954978944,0.0028472525998950006,4.120163828134537
10920,3931560,178,16.29945468,1.3593793392181397,0.0018082059919834136,15.47715957760811
10940,3938760,178,15.26310917,1.3612748980522156,-0.007990671694278717,11.035586972534656
10960,3945960,178,17.240466979999997,1.3610686898231505,-0.015662981569766997,12.188287019729614
10980,3953160,179,17.46714058,1.3598149418830872,-0.005439985450357199,12.566222673654556
11000,3960360,179,17.42471265,1.3600874185562133,-0.0036099709570407866,61.66319046020508
11020,3967560,179,15.04133834,1.3604265570640564,-0.007795284315943718,1.6113296449184418
11040,3974760,179,16.82571261,1.3595786333084106,-0.012376404367387295,17.55810340642929
11060,3981960,179,16.41990972,1.359915852546692,0.01821571812033653,28.33819580078125
11080,3989160,179,13.851616719999999,1.3600228667259215,-0.006701140478253364,3.8289051413536073
11100,3996360,179,14.901901559999999,1.360378873348236,0.0006491356936749071,17.690620023012162
11120,4003560,180,14.967584669999997,1.360740888118744,0.0013788945972919465,34.067503571510315
11140,4010760,180,18.95327568,1.3611474633216858,-0.0028841033577919005,13.127127474546432
11160,4017960,180,16.880967419999998,1.3618088841438294,-0.0059363991022109985,6.898324716091156
11180,4025160,180,18.006825519999996,1.362751841545105,-0.006701687909662723,0.9440848007798195
11200,4032360,180,16.496156090000003,1.3627691864967346,-0.0166727177798748,0.303652735054493
11220,4039560,180,12.350001059999997,1.3626219868659972,0.0024013981223106385,12.166452944278717
11240,4046760,180,15.970138219999997,1.3631014823913574,-0.011628775298595429,25.261908209323884
11260,4053960,180,17.10732749,1.3625514149665832,0.008866969496011734,29.239528799057005
11280,4061160,181,16.9168062,1.3638034820556642,-0.015226515801623463,0.631687119603157
11300,4068360,181,17.62893553,1.3634308934211732,0.014235737558919936,16.92462259531021
11320,4075560,181,15.697514869999997,1.3632266998291016,-0.01621366273611784,15.188593524694443
11340,4082760,181,13.779818679999998,1.3631475806236266,0.013328903447836637,25.6255090713501
11360,4089960,181,17.9287767,1.3627639889717102,-0.008328856527805328,16.385060787200928
11380,4097160,181,18.78612565,1.3611000061035157,-0.0095267191529274,13.131619496643543
11400,4104360,181,18.36701927,1.3595516324043273,-0.004784296452999115,12.61642245054245
11420,4111560,182,14.453226039999999,1.3593725562095642,-0.005361077841371298,19.970538908243178
11440,4118760,182,17.905169060000002,1.3599438190460205,0.0004190366715192795,9.707074308395386
11460,4125960,182,18.788673720000002,1.3594150781631469,-0.003926303144544363,14.133828994631767
11480,4133160,182,14.99738695,1.3602842330932616,0.002650806913152337,13.484138941764831
11500,4140360,182,15.948295530000003,1.3604067087173461,0.002578753232955933,12.853613889217376
11520,4147560,182,17.14099893,1.3604323506355285,0.0012118056416511535,15.563035976886749
11540,4154760,182,21.62554498,1.3600418210029601,-0.0025633737444877625,17.558002191782
11560,4161960,182,19.005020650000002,1.3586429953575134,-0.011447657272219658,0.7780376464128494
11580,4169160,183,16.270557100000005,1.3582431316375732,0.003567928820848465,10.28883292078972
11600,4176360,183,19.33662641,1.3571971654891968,-0.005711559765040874,3.445992702245712
11620,4183560,183,15.34669042,1.3569059491157531,0.0008372515439987183,21.44452422261238
11640,4190760,183,19.48305121,1.3568069219589234,-0.015095158759504557,0.2637257106602192
11660,4197960,183,19.91505771,1.3568268299102784,-0.006630197027698159,20.968268957734107
11680,4205160,183,17.71806164,1.3548941373825074,0.0018922096118330956,23.378576970100404
11700,4212360,183,16.24122374,1.3548182487487792,-0.01159828919917345,0.5442581236362457
11720,4219560,183,18.25233644,1.3547296404838562,-0.010793708264827728,17.70841603279114
11740,4226760,184,18.26790313,1.3548011422157287,-0.00868523381650448,8.04751895070076
11760,4233960,184,19.262810090000002,1.3558397889137268,-0.006644525844603777,20.215432357788085
11780,4241160,184,18.99072317,1.3542206525802611,-0.015995016694068907,25.526492166519166
11800,4248360,184,20.090450490000002,1.3540591955184937,-0.004492448270320892,10.614345332980156
11820,4255560,184,19.774936470000004,1.3518254637718201,-0.015360166429309175,0.17211378887295722
11840,4262760,184,20.659160619999998,1.3492476224899292,0.0006685771048069,21.586902612447737
11860,4269960,184,15.594995630000001,1.3497768878936767,0.010404504090547561,29.048074358701705
11880,4277160,184,18.308847370000002,1.3496500492095946,-0.011509054899215698,24.45554313659668
11900,4284360,185,19.42523324,1.3481508016586303,-0.011976221948862076,13.874077993631364
11920,4291560,185,18.88511957,1.3468698143959046,-0.007177673536352814,2.103853042423725
11940,4298760,185,18.91812475,1.3468045473098755,0.012480589374899865,41.37657718658447
11960,4305960,185,14.208472650000001,1.3469378709793092,0.0021235406398773192,4.620799088478089
11980,4313160,185,17.62361543,1.3470686078071594,-0.0017755069537088275,26.668801188468933
12000,4320360,185,20.242195780000003,1.3464255928993225,-0.003436722978949547,9.435856151580811
12020,4327560,185,16.966370330000004,1.3463816881179809,-0.008328809775412083,1.1883111849427224
12040,4334760,185,21.04581408,1.3447210669517518,-0.00854205598589033,13.998304679989815
12060,4341960,185,19.48756415,1.343949055671692,-0.006467460095882416,9.293856173753738
12080,4349160,186,21.808411199999995,1.342245602607727,-0.00958254374563694,19.422117499262093
12100,4356360,186,20.05257458,1.3419543743133544,0.0012575402855873109,9.016664987802505
12120,4363560,186,17.88989507,1.3413154006004333,-0.0019335880875587463,3.060303044319153
12140,4370760,186,18.302736860000003,1.3412777781486511,-0.021231325715780257,9.631477427482604
12160,4377960,186,20.673386009999998,1.3413036465644836,-0.012087449990212917,0.1423701398074627
12180,4385160,186,18.813266679999998,1.3405970931053162,-0.008923104964196682,0.3454156443476677
12200,4392360,186,18.73654679,1.3410040736198425,0.00585588812828064,33.80111255645752
12220,4399560,186,20.05075859,1.3418593049049377,-0.00842956006526947,20.27052031159401
12240,4406760,187,20.54958411,1.3419620037078857,-0.0057164236903190615,10.453523293882608
12260,4413960,187,20.502088569999998,1.3413911700248717,0.0032230041921138763,20.073559057712554
12280,4421160,187,23.104740579999998,1.3396868467330934,-0.01075693778693676,0.9953741982579232
12300,4428360,187,20.09241769,1.339091670513153,0.006705185770988465,12.289157117903233
12320,4435560,187,18.629917100000004,1.338423979282379,-0.0016551531851291656,21.284227618575095
12340,4442760,187,21.362423889999995,1.337849247455597,-0.011011132597923278,15.590691369771957
12360,4449960,187,21.26959112,1.3373783469200133,-0.0059990063309669495,21.723839473724365
12380,4457160,187,20.34985195,1.3360956192016602,-0.014841475710272788,7.280406430363655
12400,4464360,188,18.80742082,1.335018813610077,-0.010057970881462097,8.083943612128497
12420,4471560,188,21.430313130000005,1.33411306142807,-0.012038882821798325,18.902457302808763
12440,4478760,188,20.82055736,1.3333876371383666,-0.015814284794032574,0.1533992923796177
12460,4485960,188,20.877032080000003,1.33234201669693,-0.007368887215852738,19.056027747690678
12480,4493160,188,20.2306775,1.332037889957428,-0.019147756695747375,0.12009715884923935
12500,4500360,188,20.81514164,1.3324712634086608,-0.02396172876469791,0.1767662052065134
12520,4507560,188,19.935202439999998,1.3300689578056335,0.004776900820434094,32.52216463088989
12540,4514760,188,19.74367191,1.3299551725387573,-0.005574308335781097,5.46706026494503
12560,4521960,189,19.741984350000003,1.3297534108161926,0.015426963567733765,24.478169752657415
12580,4529160,189,20.62315224,1.3295837759971618,-0.011140409391373396,4.599079823493957
12600,4536360,189,17.65951544,1.3289658308029175,-0.005395246297121048,25.67278532385826
12620,4543560,189,19.311366340000003,1.3283700585365295,-0.013999566528946161,21.318668937683107
12640,4550760,189,16.67605927,1.3282737851142883,-0.00825030148262158,1.5862451076507569
12660,4557960,189,20.1196258,1.3290724158287048,-0.008306372910737991,1.3891971357166768
12680,4565160,189,18.55239739,1.328536856174469,0.0007072426378726959,6.402969175577164
12700,4572360,189,14.7086057,1.32852600812912,-0.00775006040930748,13.476799115538597
12720,4579560,189,19.60013664,1.3293447852134705,-0.010895328596234322,4.570502702891827
12740,4586760,190,17.53573841,1.3288623452186585,-0.0038061391562223433,2.543918089568615
12760,4593960,190,14.623783219999998,1.329416239261627,-0.003605932556092739,4.620120897889137
12780,4601160,190,17.262265380000002,1.3292980790138245,-0.0055786862038075926,2.7249724876135586
12800,4608360,190,18.34574053,1.3288641929626466,-0.006073736411053687,24.172105491161346
12820,4615560,190,20.2309524,1.3290181517601014,-0.0011869596317410469,19.265739488601685
12840,4622760,190,13.974650950000003,1.3289599895477295,-0.00440496951341629,15.597012096643448
12860,4629960,190,18.66146733,1.3284578323364258,-0.008279269188642501,8.758333140611649
12880,4637160,190,17.39299944,1.328469741344452,-0.0014008725062012672,23.446978695690632
12900,4644360,191,19.727879650000002,1.327541720867157,5.34839928150177e-06,7.063595581054687
12920,4651560,191,18.11390982,1.3282774209976196,-0.01060649361461401,13.771238231658936
12940,4658760,191,16.160834679999997,1.3284961700439453,-0.00030268914997577667,11.093471837043761
12960,4665960,191,13.01566084,1.3290791273117066,0.0008248439757153392,44.03494663238526
12980,4673160,191,17.0661942,1.3292867183685302,-0.006886549852788448,5.548556910455227
13000,4680360,191,17.09998637,1.328921341896057,0.003688177466392517,22.50645534992218
13020,4687560,191,16.617622239999996,1.3290632247924805,-0.011313501559197903,16.834457647800445
13040,4694760,191,16.2051856,1.3305872559547425,0.001376761496067047,11.524353212118148
13060,4701960,191,15.44601322,1.3303876042366027,0.01898244246840477,13.204803681373596
13080,4709160,192,13.034588400000002,1.3302738785743713,0.013829248119145631,24.51122358441353
13100,4716360,192,11.985212009999998,1.3297219634056092,-0.004839263792382554,24.441845750808717
13120,4723560,192,12.597467130000002,1.3299440264701843,-0.00030952394008636474,22.855429935455323
13140,4730760,192,13.559490189999998,1.3287168860435485,-0.0035432331264019013,31.83697590827942
13160,4737960,192,14.01079023,1.3292411804199218,0.00924260839819908,10.932776463031768
13180,4745160,192,15.147236269999999,1.3288366556167603,0.004275716841220856,28.527278423309326
13200,4752360,192,12.676880630000001,1.3280891180038452,-0.00064130499958992,10.857054680585861
13220,4759560,192,14.34356062,1.3287007689476014,-0.003036179021000862,9.326963210105896
13240,4766760,192,15.960639810000002,1.3297657370567322,-0.014496798906475306,19.819940912723542
13260,4773960,193,14.69350073,1.329242992401123,-0.010389915737323462,28.542510557174683
13280,4781160,193,16.126866399999997,1.3293015241622925,-0.005548204807564616,21.90786529481411
13300,4788360,193,13.40167179,1.3287823796272278,0.004896634561009705,33.22079792022705
13320,4795560,193,18.1418974,1.3280931472778321,-0.011749801598489285,18.078919541835784
13340,4802760,193,16.10655203,1.3289084434509277,0.008869616687297821,18.99453649520874
13360,4809960,193,17.894748970000002,1.329548144340515,0.00816464126110077,7.96700149178505
13380,4817160,193,16.684817029999998,1.3283430218696595,-0.006090746819972992,15.90083045065403
13400,4824360,193,12.567379240000001,1.3280314564704896,-0.00495530366897583,6.989620393514633
13420,4831560,193,18.310454160000003,1.3289536833763123,0.04227479659020901,27.915516555309296
13440,4838760,194,20.47292786,1.3284739136695862,-0.010622599627822638,3.137180794775486
13460,4845960,194,20.86324499,1.3265636563301086,-0.008027613162994385,0.8571936391294003
13480,4853160,194,18.06851125,1.3258512973785401,-0.013476225733757018,12.690977877378463
13500,4860360,194,21.25497183,1.3261858224868774,0.008486731722950936,26.494282111525536
13520,4867560,194,15.514082449999998,1.3261981725692749,0.0027657512575387953,25.538282704353332
13540,4874760,194,17.12339227,1.3259793519973755,0.0032859956845641136,14.381118184328079
13560,4881960,194,18.71842267,1.3263169288635255,-0.0002903751563280821,15.768967860937119
13580,4889160,194,19.651572559999998,1.3260945439338685,-0.003383922018110752,0.42275854051113126
13600,4896360,194,19.439572910000003,1.3264100670814514,0.01502273604273796,30.170526078343393
13620,4903560,194,15.348048319999998,1.326179528236389,0.00025297440588474275,40.938234615325925
13640,4910760,195,18.53989935,1.3260761737823485,-0.007768040092196315,0.5248322248458862
13660,4917960,195,20.364812609999998,1.3242023229598998,0.0048413962125778195,11.246628442406655
13680,4925160,195,19.409124509999998,1.3241223216056823,-0.004712197557091713,11.82089264690876
13700,4932360,195,14.13255543,1.3235321283340453,0.0031380519270896912,14.951211151480674
13720,4939560,195,10.89664807,1.3240118503570557,-0.007517319917678833,34.709296041727065
13740,4946760,195,16.989479789999997,1.3242393136024475,0.0016167924273759126,16.44770253300667
13760,4953960,195,19.356572850000003,1.323681402206421,0.004045885056257248,8.012936103343964
13780,4961160,195,17.40911762,1.324434745311737,0.006757774483412504,13.054048639535903
13800,4968360,195,18.95934282,1.324586534500122,-0.010553298890590668,2.827003675699234
13820,4975560,196,20.35611236,1.3239364743232727,-0.0013994939625263214,8.524835300445556
13840,4982760,196,17.519373750000003,1.3232640385627747,0.001984590291976929,21.332265520095824
13860,4989960,196,21.157953189999997,1.3232404112815856,0.003894332051277161,9.32527115046978
13880,4997160,196,17.62485252,1.3231559991836548,-0.009118426591157913,23.25844867527485
